0	category("Paper868", "HardwareandArchitecture")
1	category("Paper611", "ArtificialIntelligence")
2	category("Paper899", "ArtificialIntelligence")
3	category("Paper658", "InformationRetrieval")
4	category("Paper642", "OperatingSystems")
5	category("Paper145", "HardwareandArchitecture")
6	category("Paper610", "EncryptionandCompression")
7	category("Paper250", "EncryptionandCompression")
8	category("Paper611", "HardwareandArchitecture")
9	category("Paper100", "OperatingSystems")
10	category("Paper404", "DataStructuresAlgorithmsandTheory")
11	category("Paper95", "Databases")
12	category("Paper155", "InformationRetrieval")
13	category("Paper60", "Programming")
14	category("Paper613", "Networking")
15	category("Paper164", "Programming")
16	category("Paper20", "OperatingSystems")
17	category("Paper801", "OperatingSystems")
18	category("Paper994", "Networking")
19	category("Paper65", "HumanComputerInteraction")
20	category("Paper743", "HumanComputerInteraction")
21	category("Paper136", "Programming")
22	category("Paper642", "Programming")
23	category("Paper783", "InformationRetrieval")
24	category("Paper613", "ArtificialIntelligence")
25	category("Paper452", "OperatingSystems")
26	category("Paper630", "Programming")
27	category("Paper605", "EncryptionandCompression")
28	category("Paper103", "InformationRetrieval")
29	category("Paper626", "ArtificialIntelligence")
30	category("Paper559", "HardwareandArchitecture")
31	category("Paper855", "ArtificialIntelligence")
32	category("Paper869", "DataStructuresAlgorithmsandTheory")
33	category("Paper941", "ArtificialIntelligence")
34	category("Paper994", "DataStructuresAlgorithmsandTheory")
35	category("Paper130", "HardwareandArchitecture")
36	category("Paper668", "InformationRetrieval")
37	category("Paper139", "HumanComputerInteraction")
38	category("Paper726", "InformationRetrieval")
39	category("Paper887", "Networking")
40	category("Paper743", "DataStructuresAlgorithmsandTheory")
41	category("Paper608", "Programming")
42	category("Paper264", "HardwareandArchitecture")
43	category("Paper869", "ArtificialIntelligence")
44	category("Paper726", "HardwareandArchitecture")
45	category("Paper724", "HumanComputerInteraction")
46	category("Paper149", "InformationRetrieval")
47	category("Paper272", "DataStructuresAlgorithmsandTheory")
48	category("Paper591", "HardwareandArchitecture")
49	category("Paper320", "Networking")
50	category("Paper250", "InformationRetrieval")
51	category("Paper868", "ArtificialIntelligence")
52	category("Paper20", "Networking")
53	category("Paper141", "Programming")
54	category("Paper103", "HumanComputerInteraction")
55	category("Paper526", "Programming")
56	category("Paper22", "EncryptionandCompression")
57	category("Paper463", "OperatingSystems")
58	category("Paper593", "Databases")
59	category("Paper942", "Networking")
60	category("Paper304", "Networking")
61	category("Paper288", "Programming")
62	category("Paper18", "InformationRetrieval")
63	category("Paper491", "Programming")
64	category("Paper648", "ArtificialIntelligence")
65	category("Paper600", "HardwareandArchitecture")
66	category("Paper91", "HardwareandArchitecture")
67	category("Paper626", "DataStructuresAlgorithmsandTheory")
68	category("Paper900", "OperatingSystems")
69	category("Paper144", "Programming")
70	category("Paper656", "HardwareandArchitecture")
71	category("Paper600", "DataStructuresAlgorithmsandTheory")
72	category("Paper605", "HumanComputerInteraction")
73	category("Paper648", "HumanComputerInteraction")
74	category("Paper610", "HardwareandArchitecture")
75	category("Paper501", "ArtificialIntelligence")
76	category("Paper831", "ArtificialIntelligence")
77	category("Paper589", "OperatingSystems")
78	category("Paper136", "DataStructuresAlgorithmsandTheory")
79	category("Paper54", "Databases")
80	category("Paper837", "DataStructuresAlgorithmsandTheory")
81	category("Paper506", "DataStructuresAlgorithmsandTheory")
82	category("Paper136", "EncryptionandCompression")
83	category("Paper801", "DataStructuresAlgorithmsandTheory")
84	category("Paper649", "Programming")
85	category("Paper128", "OperatingSystems")
86	category("Paper434", "HumanComputerInteraction")
87	category("Paper941", "OperatingSystems")
88	category("Paper610", "ArtificialIntelligence")
89	category("Paper869", "Programming")
90	category("Paper501", "DataStructuresAlgorithmsandTheory")
91	category("Paper504", "Networking")
92	category("Paper741", "ArtificialIntelligence")
93	category("Paper501", "Databases")
94	category("Paper405", "HumanComputerInteraction")
95	category("Paper680", "OperatingSystems")
96	category("Paper597", "Programming")
97	category("Paper136", "InformationRetrieval")
98	category("Paper940", "DataStructuresAlgorithmsandTheory")
99	category("Paper142", "HumanComputerInteraction")
100	category("Paper201", "ArtificialIntelligence")
101	category("Paper184", "EncryptionandCompression")
102	category("Paper266", "InformationRetrieval")
103	category("Paper16", "EncryptionandCompression")
104	category("Paper591", "Networking")
105	category("Paper645", "ArtificialIntelligence")
106	category("Paper213", "Databases")
107	category("Paper266", "ArtificialIntelligence")
108	category("Paper886", "DataStructuresAlgorithmsandTheory")
109	category("Paper822", "Databases")
110	category("Paper141", "Networking")
111	category("Paper201", "HardwareandArchitecture")
112	category("Paper452", "Networking")
113	category("Paper500", "Programming")
114	category("Paper679", "Programming")
115	category("Paper60", "HumanComputerInteraction")
116	category("Paper333", "Databases")
117	category("Paper282", "HardwareandArchitecture")
118	category("Paper645", "Networking")
119	category("Paper128", "Programming")
120	category("Paper651", "Programming")
121	category("Paper611", "EncryptionandCompression")
122	category("Paper264", "ArtificialIntelligence")
123	category("Paper854", "InformationRetrieval")
124	category("Paper501", "OperatingSystems")
125	category("Paper294", "HumanComputerInteraction")
126	category("Paper144", "OperatingSystems")
127	category("Paper424", "InformationRetrieval")
128	category("Paper630", "EncryptionandCompression")
129	category("Paper489", "HardwareandArchitecture")
130	category("Paper56", "ArtificialIntelligence")
131	category("Paper995", "HumanComputerInteraction")
132	category("Paper164", "ArtificialIntelligence")
133	category("Paper526", "InformationRetrieval")
134	category("Paper605", "DataStructuresAlgorithmsandTheory")
135	category("Paper212", "ArtificialIntelligence")
136	category("Paper59", "InformationRetrieval")
137	category("Paper250", "ArtificialIntelligence")
138	category("Paper22", "HumanComputerInteraction")
139	category("Paper152", "ArtificialIntelligence")
140	category("Paper943", "DataStructuresAlgorithmsandTheory")
141	category("Paper621", "EncryptionandCompression")
142	category("Paper743", "EncryptionandCompression")
143	category("Paper868", "Programming")
144	category("Paper62", "InformationRetrieval")
145	category("Paper626", "HardwareandArchitecture")
146	category("Paper26", "InformationRetrieval")
147	category("Paper737", "InformationRetrieval")
148	category("Paper155", "OperatingSystems")
149	category("Paper626", "Networking")
150	category("Paper138", "Databases")
151	category("Paper679", "OperatingSystems")
152	category("Paper144", "DataStructuresAlgorithmsandTheory")
153	category("Paper213", "ArtificialIntelligence")
154	category("Paper139", "DataStructuresAlgorithmsandTheory")
155	category("Paper152", "Databases")
156	category("Paper859", "HumanComputerInteraction")
157	category("Paper95", "EncryptionandCompression")
158	category("Paper25", "Programming")
159	category("Paper737", "OperatingSystems")
160	category("Paper628", "HardwareandArchitecture")
161	category("Paper26", "OperatingSystems")
162	category("Paper35", "HardwareandArchitecture")
163	category("Paper613", "Programming")
164	category("Paper294", "HardwareandArchitecture")
165	category("Paper627", "ArtificialIntelligence")
166	category("Paper504", "OperatingSystems")
167	category("Paper288", "Databases")
168	category("Paper687", "HumanComputerInteraction")
169	category("Paper823", "DataStructuresAlgorithmsandTheory")
170	category("Paper984", "OperatingSystems")
171	category("Paper117", "Programming")
172	category("Paper628", "HumanComputerInteraction")
173	category("Paper266", "OperatingSystems")
174	category("Paper870", "Networking")
175	category("Paper628", "InformationRetrieval")
176	category("Paper130", "HumanComputerInteraction")
177	category("Paper644", "Databases")
178	category("Paper173", "InformationRetrieval")
179	category("Paper54", "HumanComputerInteraction")
180	category("Paper679", "HumanComputerInteraction")
181	category("Paper887", "Databases")
182	category("Paper995", "OperatingSystems")
183	category("Paper637", "EncryptionandCompression")
184	category("Paper658", "Databases")
185	category("Paper649", "EncryptionandCompression")
186	category("Paper151", "Databases")
187	category("Paper173", "Databases")
188	category("Paper40", "Programming")
189	category("Paper491", "Databases")
190	category("Paper114", "OperatingSystems")
191	category("Paper589", "HardwareandArchitecture")
192	category("Paper599", "Databases")
193	category("Paper56", "InformationRetrieval")
194	category("Paper656", "ArtificialIntelligence")
195	category("Paper250", "OperatingSystems")
196	category("Paper906", "Databases")
197	category("Paper678", "InformationRetrieval")
198	category("Paper60", "Networking")
199	category("Paper333", "DataStructuresAlgorithmsandTheory")
200	category("Paper783", "DataStructuresAlgorithmsandTheory")
201	category("Paper644", "Programming")
202	category("Paper65", "OperatingSystems")
203	category("Paper645", "HumanComputerInteraction")
204	category("Paper148", "EncryptionandCompression")
205	category("Paper20", "HumanComputerInteraction")
206	category("Paper272", "Programming")
207	category("Paper304", "EncryptionandCompression")
208	category("Paper343", "ArtificialIntelligence")
209	category("Paper40", "EncryptionandCompression")
210	category("Paper51", "OperatingSystems")
211	category("Paper155", "DataStructuresAlgorithmsandTheory")
212	category("Paper149", "DataStructuresAlgorithmsandTheory")
213	category("Paper185", "DataStructuresAlgorithmsandTheory")
214	category("Paper139", "InformationRetrieval")
215	category("Paper642", "InformationRetrieval")
216	category("Paper628", "OperatingSystems")
217	category("Paper910", "HumanComputerInteraction")
218	category("Paper687", "InformationRetrieval")
219	category("Paper686", "HumanComputerInteraction")
220	category("Paper635", "Programming")
221	category("Paper219", "DataStructuresAlgorithmsandTheory")
222	category("Paper434", "ArtificialIntelligence")
223	category("Paper149", "HumanComputerInteraction")
224	category("Paper941", "HardwareandArchitecture")
225	category("Paper658", "HumanComputerInteraction")
226	category("Paper724", "DataStructuresAlgorithmsandTheory")
227	category("Paper656", "Programming")
228	category("Paper678", "DataStructuresAlgorithmsandTheory")
229	category("Paper659", "EncryptionandCompression")
230	category("Paper887", "Programming")
231	category("Paper681", "HardwareandArchitecture")
232	category("Paper643", "HardwareandArchitecture")
233	category("Paper173", "EncryptionandCompression")
234	category("Paper940", "InformationRetrieval")
235	category("Paper282", "Programming")
236	category("Paper22", "Programming")
237	category("Paper854", "Networking")
238	category("Paper434", "DataStructuresAlgorithmsandTheory")
239	category("Paper599", "HardwareandArchitecture")
240	category("Paper906", "Networking")
241	category("Paper264", "Programming")
242	category("Paper250", "HumanComputerInteraction")
243	category("Paper506", "EncryptionandCompression")
244	category("Paper855", "InformationRetrieval")
245	category("Paper148", "OperatingSystems")
246	category("Paper219", "EncryptionandCompression")
247	category("Paper737", "EncryptionandCompression")
248	category("Paper686", "ArtificialIntelligence")
249	category("Paper201", "InformationRetrieval")
250	category("Paper605", "OperatingSystems")
251	category("Paper684", "EncryptionandCompression")
252	category("Paper605", "Networking")
253	category("Paper593", "EncryptionandCompression")
254	category("Paper637", "HumanComputerInteraction")
255	category("Paper659", "Networking")
256	category("Paper151", "ArtificialIntelligence")
257	category("Paper502", "OperatingSystems")
258	category("Paper680", "HardwareandArchitecture")
259	category("Paper940", "HumanComputerInteraction")
260	category("Paper51", "ArtificialIntelligence")
261	category("Paper635", "HardwareandArchitecture")
262	category("Paper40", "Networking")
263	category("Paper136", "HardwareandArchitecture")
264	category("Paper65", "EncryptionandCompression")
265	category("Paper649", "HardwareandArchitecture")
266	category("Paper294", "InformationRetrieval")
267	category("Paper26", "HumanComputerInteraction")
268	category("Paper995", "HardwareandArchitecture")
269	category("Paper59", "DataStructuresAlgorithmsandTheory")
270	category("Paper783", "ArtificialIntelligence")
271	category("Paper320", "OperatingSystems")
272	category("Paper599", "InformationRetrieval")
273	category("Paper681", "HumanComputerInteraction")
274	category("Paper117", "HumanComputerInteraction")
275	category("Paper995", "ArtificialIntelligence")
276	category("Paper40", "Databases")
277	category("Paper138", "HumanComputerInteraction")
278	category("Paper870", "DataStructuresAlgorithmsandTheory")
279	category("Paper724", "Databases")
280	category("Paper941", "Networking")
281	category("Paper590", "EncryptionandCompression")
282	category("Paper906", "OperatingSystems")
283	category("Paper177", "OperatingSystems")
284	category("Paper644", "HumanComputerInteraction")
285	category("Paper831", "OperatingSystems")
286	category("Paper656", "InformationRetrieval")
287	category("Paper40", "DataStructuresAlgorithmsandTheory")
288	category("Paper65", "Networking")
289	category("Paper526", "Networking")
290	category("Paper141", "HardwareandArchitecture")
291	category("Paper434", "EncryptionandCompression")
292	category("Paper106", "HardwareandArchitecture")
293	category("Paper56", "Networking")
294	category("Paper687", "Programming")
295	category("Paper146", "HumanComputerInteraction")
296	category("Paper51", "DataStructuresAlgorithmsandTheory")
297	category("Paper100", "HumanComputerInteraction")
298	category("Paper149", "Programming")
299	category("Paper141", "InformationRetrieval")
300	category("Paper452", "HardwareandArchitecture")
301	category("Paper144", "Databases")
302	category("Paper906", "DataStructuresAlgorithmsandTheory")
303	category("Paper213", "Programming")
304	category("Paper823", "HumanComputerInteraction")
305	category("Paper783", "Networking")
306	category("Paper481", "HumanComputerInteraction")
307	category("Paper501", "HardwareandArchitecture")
308	category("Paper463", "InformationRetrieval")
309	category("Paper668", "HumanComputerInteraction")
310	category("Paper658", "EncryptionandCompression")
311	category("Paper621", "InformationRetrieval")
312	category("Paper942", "HardwareandArchitecture")
313	category("Paper870", "ArtificialIntelligence")
314	category("Paper687", "Databases")
315	category("Paper854", "Databases")
316	category("Paper424", "Databases")
317	category("Paper724", "Networking")
318	category("Paper613", "HardwareandArchitecture")
319	category("Paper201", "DataStructuresAlgorithmsandTheory")
320	category("Paper637", "OperatingSystems")
321	category("Paper590", "Networking")
322	category("Paper142", "InformationRetrieval")
323	category("Paper668", "HardwareandArchitecture")
324	category("Paper822", "Programming")
325	category("Paper589", "Programming")
326	category("Paper822", "InformationRetrieval")
327	category("Paper741", "Programming")
328	category("Paper605", "InformationRetrieval")
329	category("Paper801", "ArtificialIntelligence")
330	category("Paper150", "ArtificialIntelligence")
331	category("Paper150", "HumanComputerInteraction")
332	category("Paper148", "DataStructuresAlgorithmsandTheory")
333	category("Paper506", "Networking")
334	category("Paper591", "EncryptionandCompression")
335	category("Paper51", "HardwareandArchitecture")
336	category("Paper164", "InformationRetrieval")
337	category("Paper635", "Networking")
338	category("Paper145", "Programming")
339	category("Paper333", "EncryptionandCompression")
340	category("Paper994", "HardwareandArchitecture")
341	category("Paper859", "InformationRetrieval")
342	category("Paper282", "DataStructuresAlgorithmsandTheory")
343	category("Paper65", "Programming")
344	category("Paper659", "ArtificialIntelligence")
345	category("Paper489", "DataStructuresAlgorithmsandTheory")
346	category("Paper60", "EncryptionandCompression")
347	category("Paper91", "OperatingSystems")
348	category("Paper491", "OperatingSystems")
349	category("Paper630", "ArtificialIntelligence")
350	category("Paper642", "HumanComputerInteraction")
351	category("Paper656", "OperatingSystems")
352	category("Paper18", "EncryptionandCompression")
353	category("Paper56", "HardwareandArchitecture")
354	category("Paper526", "Databases")
355	category("Paper777", "DataStructuresAlgorithmsandTheory")
356	category("Paper642", "ArtificialIntelligence")
357	category("Paper686", "Programming")
358	category("Paper593", "HardwareandArchitecture")
359	category("Paper608", "OperatingSystems")
360	category("Paper177", "ArtificialIntelligence")
361	category("Paper502", "ArtificialIntelligence")
362	category("Paper870", "Databases")
363	category("Paper405", "HardwareandArchitecture")
364	category("Paper822", "DataStructuresAlgorithmsandTheory")
365	category("Paper106", "DataStructuresAlgorithmsandTheory")
366	category("Paper481", "Databases")
367	category("Paper621", "Databases")
368	category("Paper130", "Databases")
369	category("Paper504", "Databases")
370	category("Paper680", "EncryptionandCompression")
371	category("Paper103", "HardwareandArchitecture")
372	category("Paper95", "InformationRetrieval")
373	category("Paper637", "HardwareandArchitecture")
374	category("Paper40", "HumanComputerInteraction")
375	category("Paper212", "DataStructuresAlgorithmsandTheory")
376	category("Paper724", "EncryptionandCompression")
377	category("Paper869", "Databases")
378	category("Paper463", "Programming")
379	category("Paper25", "HumanComputerInteraction")
380	category("Paper559", "OperatingSystems")
381	category("Paper831", "Networking")
382	category("Paper899", "Databases")
383	category("Paper642", "HardwareandArchitecture")
384	category("Paper910", "ArtificialIntelligence")
385	category("Paper679", "Networking")
386	category("Paper103", "Databases")
387	category("Paper54", "InformationRetrieval")
388	category("Paper940", "Networking")
389	category("Paper942", "InformationRetrieval")
390	category("Paper304", "HardwareandArchitecture")
391	category("Paper40", "HardwareandArchitecture")
392	category("Paper940", "HardwareandArchitecture")
393	category("Paper649", "DataStructuresAlgorithmsandTheory")
394	category("Paper146", "InformationRetrieval")
395	category("Paper659", "HardwareandArchitecture")
396	category("Paper684", "ArtificialIntelligence")
397	category("Paper212", "HumanComputerInteraction")
398	category("Paper481", "ArtificialIntelligence")
399	category("Paper589", "Networking")
400	category("Paper763", "HardwareandArchitecture")
401	category("Paper651", "HumanComputerInteraction")
402	category("Paper936", "HardwareandArchitecture")
403	category("Paper184", "HardwareandArchitecture")
404	category("Paper452", "DataStructuresAlgorithmsandTheory")
405	category("Paper249", "DataStructuresAlgorithmsandTheory")
406	category("Paper659", "Databases")
407	category("Paper906", "HumanComputerInteraction")
408	category("Paper678", "ArtificialIntelligence")
409	category("Paper506", "OperatingSystems")
410	category("Paper681", "Databases")
411	category("Paper56", "DataStructuresAlgorithmsandTheory")
412	category("Paper659", "HumanComputerInteraction")
413	category("Paper138", "Programming")
414	category("Paper128", "EncryptionandCompression")
415	category("Paper213", "InformationRetrieval")
416	category("Paper173", "ArtificialIntelligence")
417	category("Paper100", "InformationRetrieval")
418	category("Paper155", "Programming")
419	category("Paper260", "Databases")
420	category("Paper219", "ArtificialIntelligence")
421	category("Paper51", "Programming")
422	category("Paper184", "Databases")
423	category("Paper593", "OperatingSystems")
424	category("Paper152", "EncryptionandCompression")
425	category("Paper155", "HumanComputerInteraction")
426	category("Paper628", "DataStructuresAlgorithmsandTheory")
427	category("Paper250", "DataStructuresAlgorithmsandTheory")
428	category("Paper128", "HardwareandArchitecture")
429	category("Paper899", "Networking")
430	category("Paper294", "ArtificialIntelligence")
431	category("Paper489", "OperatingSystems")
432	category("Paper333", "Networking")
433	category("Paper20", "Databases")
434	category("Paper635", "ArtificialIntelligence")
435	category("Paper644", "ArtificialIntelligence")
436	category("Paper304", "Databases")
437	category("Paper837", "ArtificialIntelligence")
438	category("Paper899", "DataStructuresAlgorithmsandTheory")
439	category("Paper589", "EncryptionandCompression")
440	category("Paper51", "Networking")
441	category("Paper25", "Networking")
442	category("Paper590", "ArtificialIntelligence")
443	category("Paper333", "HumanComputerInteraction")
444	category("Paper801", "Programming")
445	category("Paper266", "EncryptionandCompression")
446	category("Paper26", "DataStructuresAlgorithmsandTheory")
447	category("Paper16", "Databases")
448	category("Paper591", "InformationRetrieval")
449	category("Paper264", "Networking")
450	category("Paper40", "OperatingSystems")
451	category("Paper333", "ArtificialIntelligence")
452	category("Paper687", "DataStructuresAlgorithmsandTheory")
453	category("Paper724", "InformationRetrieval")
454	category("Paper138", "DataStructuresAlgorithmsandTheory")
455	category("Paper900", "Networking")
456	category("Paper801", "HardwareandArchitecture")
457	category("Paper502", "DataStructuresAlgorithmsandTheory")
458	category("Paper559", "EncryptionandCompression")
459	category("Paper130", "Networking")
460	category("Paper886", "InformationRetrieval")
461	category("Paper628", "ArtificialIntelligence")
462	category("Paper630", "Networking")
463	category("Paper59", "Databases")
464	category("Paper504", "Programming")
465	category("Paper742", "Programming")
466	category("Paper101", "HardwareandArchitecture")
467	category("Paper95", "HumanComputerInteraction")
468	category("Paper726", "Databases")
469	category("Paper870", "Programming")
470	category("Paper491", "Networking")
471	category("Paper597", "HumanComputerInteraction")
472	category("Paper859", "ArtificialIntelligence")
473	category("Paper173", "Networking")
474	category("Paper107", "OperatingSystems")
475	category("Paper940", "OperatingSystems")
476	category("Paper294", "EncryptionandCompression")
477	category("Paper628", "EncryptionandCompression")
478	category("Paper155", "EncryptionandCompression")
479	category("Paper145", "Networking")
480	category("Paper668", "EncryptionandCompression")
481	category("Paper260", "Networking")
482	category("Paper626", "HumanComputerInteraction")
483	category("Paper831", "EncryptionandCompression")
484	category("Paper294", "Databases")
485	category("Paper763", "Programming")
486	category("Paper626", "Databases")
487	category("Paper680", "ArtificialIntelligence")
488	category("Paper141", "OperatingSystems")
489	category("Paper559", "DataStructuresAlgorithmsandTheory")
490	category("Paper737", "DataStructuresAlgorithmsandTheory")
491	category("Paper264", "Databases")
492	category("Paper668", "Networking")
493	category("Paper54", "EncryptionandCompression")
494	category("Paper128", "Databases")
495	category("Paper870", "InformationRetrieval")
496	category("Paper142", "DataStructuresAlgorithmsandTheory")
497	category("Paper144", "InformationRetrieval")
498	category("Paper320", "HumanComputerInteraction")
499	category("Paper506", "InformationRetrieval")
500	category("Paper54", "Networking")
501	category("Paper859", "Databases")
502	category("Paper405", "DataStructuresAlgorithmsandTheory")
503	category("Paper51", "Databases")
504	category("Paper600", "ArtificialIntelligence")
505	category("Paper145", "InformationRetrieval")
506	category("Paper343", "Programming")
507	category("Paper684", "Databases")
508	category("Paper589", "HumanComputerInteraction")
509	category("Paper900", "EncryptionandCompression")
510	category("Paper643", "HumanComputerInteraction")
511	category("Paper382", "DataStructuresAlgorithmsandTheory")
512	category("Paper984", "EncryptionandCompression")
513	category("Paper128", "InformationRetrieval")
514	category("Paper590", "HumanComputerInteraction")
515	category("Paper887", "HardwareandArchitecture")
516	category("Paper608", "Networking")
517	category("Paper60", "ArtificialIntelligence")
518	category("Paper742", "ArtificialIntelligence")
519	category("Paper995", "EncryptionandCompression")
520	category("Paper645", "OperatingSystems")
521	category("Paper35", "Databases")
522	category("Paper763", "DataStructuresAlgorithmsandTheory")
523	category("Paper117", "DataStructuresAlgorithmsandTheory")
524	category("Paper910", "Programming")
525	category("Paper185", "ArtificialIntelligence")
526	category("Paper91", "Databases")
527	category("Paper831", "InformationRetrieval")
528	category("Paper151", "Networking")
529	category("Paper491", "ArtificialIntelligence")
530	category("Paper668", "ArtificialIntelligence")
531	category("Paper219", "InformationRetrieval")
532	category("Paper600", "EncryptionandCompression")
533	category("Paper687", "ArtificialIntelligence")
534	category("Paper65", "ArtificialIntelligence")
535	category("Paper54", "HardwareandArchitecture")
536	category("Paper434", "Networking")
537	category("Paper106", "InformationRetrieval")
538	category("Paper936", "HumanComputerInteraction")
539	category("Paper65", "DataStructuresAlgorithmsandTheory")
540	category("Paper56", "EncryptionandCompression")
541	category("Paper643", "EncryptionandCompression")
542	category("Paper741", "InformationRetrieval")
543	category("Paper130", "DataStructuresAlgorithmsandTheory")
544	category("Paper139", "ArtificialIntelligence")
545	category("Paper597", "ArtificialIntelligence")
546	category("Paper213", "EncryptionandCompression")
547	category("Paper449", "ArtificialIntelligence")
548	category("Paper648", "DataStructuresAlgorithmsandTheory")
549	category("Paper424", "OperatingSystems")
550	category("Paper54", "Programming")
551	category("Paper25", "EncryptionandCompression")
552	category("Paper22", "HardwareandArchitecture")
553	category("Paper610", "Databases")
554	category("Paper343", "InformationRetrieval")
555	category("Paper424", "Programming")
556	category("Paper801", "HumanComputerInteraction")
557	category("Paper870", "EncryptionandCompression")
558	category("Paper91", "InformationRetrieval")
559	category("Paper59", "HumanComputerInteraction")
560	category("Paper643", "OperatingSystems")
561	category("Paper152", "InformationRetrieval")
562	category("Paper680", "DataStructuresAlgorithmsandTheory")
563	category("Paper591", "DataStructuresAlgorithmsandTheory")
564	category("Paper146", "HardwareandArchitecture")
565	category("Paper185", "HumanComputerInteraction")
566	category("Paper906", "EncryptionandCompression")
567	category("Paper150", "Networking")
568	category("Paper40", "InformationRetrieval")
569	category("Paper592", "HardwareandArchitecture")
570	category("Paper212", "EncryptionandCompression")
571	category("Paper219", "Networking")
572	category("Paper868", "Networking")
573	category("Paper899", "HardwareandArchitecture")
574	category("Paper822", "HumanComputerInteraction")
575	category("Paper272", "ArtificialIntelligence")
576	category("Paper22", "InformationRetrieval")
577	category("Paper500", "EncryptionandCompression")
578	category("Paper504", "HumanComputerInteraction")
579	category("Paper249", "Databases")
580	category("Paper526", "EncryptionandCompression")
581	category("Paper264", "EncryptionandCompression")
582	category("Paper500", "OperatingSystems")
583	category("Paper742", "EncryptionandCompression")
584	category("Paper741", "EncryptionandCompression")
585	category("Paper304", "OperatingSystems")
586	category("Paper855", "Databases")
587	category("Paper304", "InformationRetrieval")
588	category("Paper481", "DataStructuresAlgorithmsandTheory")
589	category("Paper382", "OperatingSystems")
590	category("Paper887", "HumanComputerInteraction")
591	category("Paper502", "EncryptionandCompression")
592	category("Paper56", "Databases")
593	category("Paper141", "Databases")
594	category("Paper592", "DataStructuresAlgorithmsandTheory")
595	category("Paper593", "DataStructuresAlgorithmsandTheory")
596	category("Paper637", "DataStructuresAlgorithmsandTheory")
597	category("Paper101", "Programming")
598	category("Paper777", "Databases")
599	category("Paper637", "Databases")
600	category("Paper288", "InformationRetrieval")
601	category("Paper648", "InformationRetrieval")
602	category("Paper837", "Programming")
603	category("Paper611", "Programming")
604	category("Paper941", "EncryptionandCompression")
605	category("Paper152", "DataStructuresAlgorithmsandTheory")
606	category("Paper155", "HardwareandArchitecture")
607	category("Paper936", "ArtificialIntelligence")
608	category("Paper95", "Networking")
609	category("Paper644", "EncryptionandCompression")
610	category("Paper743", "ArtificialIntelligence")
611	category("Paper823", "Networking")
612	category("Paper320", "DataStructuresAlgorithmsandTheory")
613	category("Paper630", "HardwareandArchitecture")
614	category("Paper941", "Programming")
615	category("Paper673", "InformationRetrieval")
616	category("Paper591", "OperatingSystems")
617	category("Paper333", "InformationRetrieval")
618	category("Paper153", "OperatingSystems")
619	category("Paper597", "HardwareandArchitecture")
620	category("Paper943", "Databases")
621	category("Paper54", "DataStructuresAlgorithmsandTheory")
622	category("Paper630", "InformationRetrieval")
623	category("Paper219", "OperatingSystems")
624	category("Paper343", "EncryptionandCompression")
625	category("Paper107", "InformationRetrieval")
626	category("Paper681", "Programming")
627	category("Paper610", "HumanComputerInteraction")
628	category("Paper463", "HardwareandArchitecture")
629	category("Paper679", "DataStructuresAlgorithmsandTheory")
630	category("Paper635", "InformationRetrieval")
631	category("Paper627", "HumanComputerInteraction")
632	category("Paper627", "DataStructuresAlgorithmsandTheory")
633	category("Paper114", "HumanComputerInteraction")
634	category("Paper114", "EncryptionandCompression")
635	category("Paper651", "OperatingSystems")
636	category("Paper213", "OperatingSystems")
637	category("Paper107", "Databases")
638	category("Paper936", "DataStructuresAlgorithmsandTheory")
639	category("Paper611", "HumanComputerInteraction")
640	category("Paper502", "Programming")
641	category("Paper687", "OperatingSystems")
642	category("Paper201", "OperatingSystems")
643	category("Paper741", "HardwareandArchitecture")
644	category("Paper266", "HardwareandArchitecture")
645	category("Paper136", "HumanComputerInteraction")
646	category("Paper600", "Programming")
647	category("Paper343", "HardwareandArchitecture")
648	category("Paper294", "Networking")
649	category("Paper592", "Programming")
650	category("Paper35", "DataStructuresAlgorithmsandTheory")
651	category("Paper463", "ArtificialIntelligence")
652	category("Paper673", "OperatingSystems")
653	category("Paper887", "DataStructuresAlgorithmsandTheory")
654	category("Paper114", "DataStructuresAlgorithmsandTheory")
655	category("Paper608", "HardwareandArchitecture")
656	category("Paper25", "InformationRetrieval")
657	category("Paper501", "EncryptionandCompression")
658	category("Paper592", "EncryptionandCompression")
659	category("Paper91", "Programming")
660	category("Paper106", "HumanComputerInteraction")
661	category("Paper597", "Networking")
662	category("Paper684", "HumanComputerInteraction")
663	category("Paper687", "Networking")
664	category("Paper658", "DataStructuresAlgorithmsandTheory")
665	category("Paper463", "HumanComputerInteraction")
666	category("Paper684", "HardwareandArchitecture")
667	category("Paper994", "HumanComputerInteraction")
668	category("Paper649", "Databases")
669	category("Paper502", "HardwareandArchitecture")
670	category("Paper559", "Networking")
671	category("Paper382", "HardwareandArchitecture")
672	category("Paper149", "OperatingSystems")
673	category("Paper656", "DataStructuresAlgorithmsandTheory")
674	category("Paper59", "OperatingSystems")
675	category("Paper95", "Programming")
676	category("Paper404", "EncryptionandCompression")
677	category("Paper434", "Databases")
678	category("Paper142", "ArtificialIntelligence")
679	category("Paper984", "DataStructuresAlgorithmsandTheory")
680	category("Paper679", "Databases")
681	category("Paper404", "ArtificialIntelligence")
682	category("Paper138", "Networking")
683	category("Paper837", "InformationRetrieval")
684	category("Paper272", "OperatingSystems")
685	category("Paper264", "HumanComputerInteraction")
686	category("Paper22", "ArtificialIntelligence")
687	category("Paper106", "Programming")
688	category("Paper887", "InformationRetrieval")
689	category("Paper628", "Programming")
690	category("Paper994", "OperatingSystems")
691	category("Paper101", "InformationRetrieval")
692	category("Paper635", "Databases")
693	category("Paper610", "InformationRetrieval")
694	category("Paper250", "Databases")
695	category("Paper173", "DataStructuresAlgorithmsandTheory")
696	category("Paper984", "HardwareandArchitecture")
697	category("Paper643", "ArtificialIntelligence")
698	category("Paper148", "HardwareandArchitecture")
699	category("Paper139", "HardwareandArchitecture")
700	category("Paper164", "HumanComputerInteraction")
701	category("Paper65", "Databases")
702	category("Paper16", "DataStructuresAlgorithmsandTheory")
703	category("Paper597", "EncryptionandCompression")
704	category("Paper868", "InformationRetrieval")
705	category("Paper597", "DataStructuresAlgorithmsandTheory")
706	category("Paper822", "HardwareandArchitecture")
707	category("Paper56", "OperatingSystems")
708	category("Paper452", "EncryptionandCompression")
709	category("Paper212", "InformationRetrieval")
710	category("Paper404", "Networking")
711	category("Paper141", "ArtificialIntelligence")
712	category("Paper145", "ArtificialIntelligence")
713	category("Paper20", "Programming")
714	category("Paper91", "Networking")
715	category("Paper266", "Databases")
716	category("Paper149", "EncryptionandCompression")
717	category("Paper491", "HumanComputerInteraction")
718	category("Paper101", "DataStructuresAlgorithmsandTheory")
719	category("Paper173", "Programming")
720	category("Paper114", "ArtificialIntelligence")
721	category("Paper500", "InformationRetrieval")
722	category("Paper177", "Programming")
723	category("Paper673", "Databases")
724	category("Paper153", "ArtificialIntelligence")
725	category("Paper868", "HumanComputerInteraction")
726	category("Paper742", "Databases")
727	category("Paper405", "OperatingSystems")
728	category("Paper185", "Networking")
729	category("Paper117", "InformationRetrieval")
730	category("Paper282", "OperatingSystems")
731	category("Paper899", "InformationRetrieval")
732	category("Paper591", "HumanComputerInteraction")
733	category("Paper449", "Programming")
734	category("Paper502", "HumanComputerInteraction")
735	category("Paper434", "OperatingSystems")
736	category("Paper600", "HumanComputerInteraction")
737	category("Paper106", "ArtificialIntelligence")
738	category("Paper742", "OperatingSystems")
739	category("Paper139", "Programming")
740	category("Paper150", "Programming")
741	category("Paper686", "Databases")
742	category("Paper51", "InformationRetrieval")
743	category("Paper637", "Programming")
744	category("Paper449", "Databases")
745	category("Paper741", "HumanComputerInteraction")
746	category("Paper333", "Programming")
747	category("Paper726", "Networking")
748	category("Paper680", "Networking")
749	category("Paper504", "HardwareandArchitecture")
750	category("Paper651", "Databases")
751	category("Paper599", "Networking")
752	category("Paper673", "HardwareandArchitecture")
753	category("Paper184", "Programming")
754	category("Paper621", "Programming")
755	category("Paper294", "DataStructuresAlgorithmsandTheory")
756	category("Paper18", "OperatingSystems")
757	category("Paper608", "InformationRetrieval")
758	category("Paper138", "HardwareandArchitecture")
759	category("Paper868", "Databases")
760	category("Paper592", "ArtificialIntelligence")
761	category("Paper737", "ArtificialIntelligence")
762	category("Paper600", "Databases")
763	category("Paper589", "InformationRetrieval")
764	category("Paper984", "InformationRetrieval")
765	category("Paper608", "DataStructuresAlgorithmsandTheory")
766	category("Paper35", "InformationRetrieval")
767	category("Paper502", "Databases")
768	category("Paper54", "OperatingSystems")
769	category("Paper16", "HardwareandArchitecture")
770	category("Paper136", "OperatingSystems")
771	category("Paper150", "OperatingSystems")
772	category("Paper449", "OperatingSystems")
773	category("Paper452", "HumanComputerInteraction")
774	category("Paper250", "Networking")
775	category("Paper22", "DataStructuresAlgorithmsandTheory")
776	category("Paper320", "ArtificialIntelligence")
777	category("Paper763", "InformationRetrieval")
778	category("Paper145", "OperatingSystems")
779	category("Paper984", "Programming")
780	category("Paper249", "ArtificialIntelligence")
781	category("Paper681", "EncryptionandCompression")
782	category("Paper737", "HumanComputerInteraction")
783	category("Paper743", "HardwareandArchitecture")
784	category("Paper117", "OperatingSystems")
785	category("Paper627", "Networking")
786	category("Paper823", "ArtificialIntelligence")
787	category("Paper26", "Programming")
788	category("Paper645", "DataStructuresAlgorithmsandTheory")
789	category("Paper501", "HumanComputerInteraction")
790	category("Paper173", "HumanComputerInteraction")
791	category("Paper500", "ArtificialIntelligence")
792	category("Paper16", "OperatingSystems")
793	category("Paper658", "Networking")
794	category("Paper106", "Networking")
795	category("Paper249", "Programming")
796	category("Paper20", "DataStructuresAlgorithmsandTheory")
797	category("Paper900", "ArtificialIntelligence")
798	category("Paper481", "HardwareandArchitecture")
799	category("Paper763", "HumanComputerInteraction")
800	category("Paper481", "EncryptionandCompression")
801	category("Paper645", "Programming")
802	category("Paper145", "HumanComputerInteraction")
803	category("Paper910", "Networking")
804	category("Paper100", "EncryptionandCompression")
805	category("Paper726", "Programming")
806	category("Paper264", "InformationRetrieval")
807	category("Paper942", "Programming")
808	category("Paper942", "DataStructuresAlgorithmsandTheory")
809	category("Paper489", "Networking")
810	category("Paper590", "HardwareandArchitecture")
811	category("Paper452", "ArtificialIntelligence")
812	category("Paper144", "EncryptionandCompression")
813	category("Paper910", "EncryptionandCompression")
814	category("Paper684", "Programming")
815	category("Paper144", "Networking")
816	category("Paper184", "HumanComputerInteraction")
817	category("Paper103", "OperatingSystems")
818	category("Paper726", "ArtificialIntelligence")
819	category("Paper95", "DataStructuresAlgorithmsandTheory")
820	category("Paper130", "EncryptionandCompression")
821	category("Paper117", "ArtificialIntelligence")
822	category("Paper35", "OperatingSystems")
823	category("Paper25", "OperatingSystems")
824	category("Paper869", "InformationRetrieval")
825	category("Paper22", "Databases")
826	category("Paper128", "ArtificialIntelligence")
827	category("Paper463", "Networking")
828	category("Paper994", "InformationRetrieval")
829	category("Paper941", "HumanComputerInteraction")
830	category("Paper62", "DataStructuresAlgorithmsandTheory")
831	category("Paper219", "HumanComputerInteraction")
832	category("Paper822", "ArtificialIntelligence")
833	category("Paper103", "Networking")
834	category("Paper501", "Networking")
835	category("Paper726", "HumanComputerInteraction")
836	category("Paper272", "HumanComputerInteraction")
837	category("Paper139", "EncryptionandCompression")
838	category("Paper114", "HardwareandArchitecture")
839	category("Paper591", "Programming")
840	category("Paper686", "EncryptionandCompression")
841	category("Paper142", "Databases")
842	category("Paper593", "ArtificialIntelligence")
843	category("Paper621", "ArtificialIntelligence")
844	category("Paper737", "Programming")
845	category("Paper859", "Programming")
846	category("Paper681", "DataStructuresAlgorithmsandTheory")
847	category("Paper637", "Networking")
848	category("Paper645", "Databases")
849	category("Paper114", "Databases")
850	category("Paper177", "InformationRetrieval")
851	category("Paper213", "Networking")
852	category("Paper737", "HardwareandArchitecture")
853	category("Paper943", "HumanComputerInteraction")
854	category("Paper506", "Databases")
855	category("Paper59", "EncryptionandCompression")
856	category("Paper763", "OperatingSystems")
857	category("Paper648", "HardwareandArchitecture")
858	category("Paper608", "EncryptionandCompression")
859	category("Paper382", "EncryptionandCompression")
860	category("Paper148", "Networking")
861	category("Paper212", "OperatingSystems")
862	category("Paper600", "InformationRetrieval")
863	category("Paper288", "DataStructuresAlgorithmsandTheory")
864	category("Paper282", "InformationRetrieval")
865	category("Paper626", "Programming")
866	category("Paper489", "ArtificialIntelligence")
867	category("Paper658", "HardwareandArchitecture")
868	category("Paper643", "DataStructuresAlgorithmsandTheory")
869	category("Paper130", "Programming")
870	category("Paper837", "Databases")
871	category("Paper153", "DataStructuresAlgorithmsandTheory")
872	category("Paper153", "Databases")
873	category("Paper62", "EncryptionandCompression")
874	category("Paper900", "Programming")
875	category("Paper272", "HardwareandArchitecture")
876	category("Paper763", "EncryptionandCompression")
877	category("Paper213", "DataStructuresAlgorithmsandTheory")
878	category("Paper25", "HardwareandArchitecture")
879	category("Paper680", "Databases")
880	category("Paper65", "InformationRetrieval")
881	category("Paper16", "ArtificialIntelligence")
882	category("Paper590", "Databases")
883	category("Paper593", "HumanComputerInteraction")
884	category("Paper272", "Databases")
885	category("Paper136", "ArtificialIntelligence")
886	category("Paper900", "Databases")
887	category("Paper449", "HumanComputerInteraction")
888	category("Paper152", "OperatingSystems")
889	category("Paper621", "DataStructuresAlgorithmsandTheory")
890	category("Paper681", "InformationRetrieval")
891	category("Paper452", "InformationRetrieval")
892	category("Paper152", "HumanComputerInteraction")
893	category("Paper504", "ArtificialIntelligence")
894	category("Paper201", "Networking")
895	category("Paper590", "DataStructuresAlgorithmsandTheory")
896	category("Paper854", "HumanComputerInteraction")
897	category("Paper260", "Programming")
898	category("Paper644", "DataStructuresAlgorithmsandTheory")
899	category("Paper320", "Databases")
900	category("Paper60", "OperatingSystems")
901	category("Paper777", "InformationRetrieval")
902	category("Paper18", "Programming")
903	category("Paper630", "Databases")
904	category("Paper649", "Networking")
905	category("Paper942", "EncryptionandCompression")
906	category("Paper25", "DataStructuresAlgorithmsandTheory")
907	category("Paper651", "Networking")
908	category("Paper742", "DataStructuresAlgorithmsandTheory")
909	category("Paper320", "EncryptionandCompression")
910	category("Paper941", "Databases")
911	category("Paper219", "Programming")
912	category("Paper141", "EncryptionandCompression")
913	category("Paper404", "Programming")
914	category("Paper65", "HardwareandArchitecture")
915	category("Paper831", "Programming")
916	category("Paper100", "Networking")
917	category("Paper626", "InformationRetrieval")
918	category("Paper62", "Networking")
919	category("Paper656", "Databases")
920	category("Paper201", "HumanComputerInteraction")
921	category("Paper656", "HumanComputerInteraction")
922	category("Paper320", "Programming")
923	category("Paper491", "HardwareandArchitecture")
924	category("Paper264", "DataStructuresAlgorithmsandTheory")
925	category("Paper943", "InformationRetrieval")
926	category("Paper177", "EncryptionandCompression")
927	category("Paper886", "HumanComputerInteraction")
928	category("Paper626", "OperatingSystems")
929	category("Paper854", "DataStructuresAlgorithmsandTheory")
930	category("Paper138", "EncryptionandCompression")
931	category("Paper648", "EncryptionandCompression")
932	category("Paper106", "EncryptionandCompression")
933	category("Paper678", "OperatingSystems")
934	category("Paper724", "HardwareandArchitecture")
935	category("Paper822", "EncryptionandCompression")
936	category("Paper177", "Networking")
937	category("Paper995", "Programming")
938	category("Paper651", "InformationRetrieval")
939	category("Paper608", "Databases")
940	category("Paper680", "HumanComputerInteraction")
941	category("Paper605", "Databases")
942	category("Paper18", "HumanComputerInteraction")
943	category("Paper500", "Networking")
944	category("Paper138", "OperatingSystems")
945	category("Paper868", "OperatingSystems")
946	category("Paper288", "HardwareandArchitecture")
947	category("Paper491", "DataStructuresAlgorithmsandTheory")
948	category("Paper526", "ArtificialIntelligence")
949	category("Paper724", "Programming")
950	category("Paper943", "OperatingSystems")
951	category("Paper142", "Networking")
952	category("Paper59", "Programming")
953	category("Paper831", "DataStructuresAlgorithmsandTheory")
954	category("Paper449", "Networking")
955	category("Paper611", "InformationRetrieval")
956	category("Paper463", "Databases")
957	category("Paper942", "Databases")
958	category("Paper679", "InformationRetrieval")
959	category("Paper272", "EncryptionandCompression")
960	category("Paper837", "OperatingSystems")
961	category("Paper149", "Databases")
962	category("Paper869", "EncryptionandCompression")
963	category("Paper837", "HardwareandArchitecture")
964	category("Paper130", "InformationRetrieval")
965	category("Paper837", "EncryptionandCompression")
966	category("Paper26", "Databases")
967	category("Paper681", "Networking")
968	category("Paper613", "InformationRetrieval")
969	category("Paper855", "Networking")
970	category("Paper635", "OperatingSystems")
971	category("Paper559", "Programming")
972	category("Paper101", "ArtificialIntelligence")
973	category("Paper151", "DataStructuresAlgorithmsandTheory")
974	category("Paper855", "OperatingSystems")
975	category("Paper282", "EncryptionandCompression")
976	category("Paper501", "Programming")
977	category("Paper489", "HumanComputerInteraction")
978	category("Paper142", "OperatingSystems")
979	category("Paper526", "DataStructuresAlgorithmsandTheory")
980	category("Paper272", "InformationRetrieval")
981	category("Paper855", "HumanComputerInteraction")
982	category("Paper526", "HardwareandArchitecture")
983	category("Paper424", "Networking")
984	category("Paper777", "HardwareandArchitecture")
985	category("Paper25", "ArtificialIntelligence")
986	category("Paper783", "HumanComputerInteraction")
987	category("Paper139", "Networking")
988	category("Paper184", "InformationRetrieval")
989	category("Paper643", "InformationRetrieval")
990	category("Paper651", "DataStructuresAlgorithmsandTheory")
991	category("Paper249", "OperatingSystems")
992	category("Paper678", "Programming")
993	category("Paper26", "EncryptionandCompression")
994	category("Paper597", "OperatingSystems")
995	category("Paper177", "DataStructuresAlgorithmsandTheory")
996	category("Paper405", "ArtificialIntelligence")
997	category("Paper658", "ArtificialIntelligence")
998	category("Paper984", "ArtificialIntelligence")
999	category("Paper783", "Databases")
1000	category("Paper678", "HardwareandArchitecture")
1001	category("Paper644", "InformationRetrieval")
1002	category("Paper649", "ArtificialIntelligence")
1003	category("Paper382", "Databases")
1004	category("Paper678", "Databases")
1005	category("Paper260", "HardwareandArchitecture")
1006	category("Paper621", "OperatingSystems")
1007	category("Paper320", "InformationRetrieval")
1008	category("Paper506", "ArtificialIntelligence")
1009	category("Paper651", "ArtificialIntelligence")
1010	category("Paper659", "Programming")
1011	category("Paper940", "EncryptionandCompression")
1012	category("Paper294", "Programming")
1013	category("Paper60", "Databases")
1014	category("Paper910", "HardwareandArchitecture")
1015	category("Paper260", "HumanComputerInteraction")
1016	category("Paper452", "Databases")
1017	category("Paper382", "Programming")
1018	category("Paper266", "HumanComputerInteraction")
1019	category("Paper627", "OperatingSystems")
1020	category("Paper139", "Databases")
1021	category("Paper20", "ArtificialIntelligence")
1022	category("Paper648", "Databases")
1023	category("Paper854", "ArtificialIntelligence")
1024	category("Paper859", "HardwareandArchitecture")
1025	category("Paper382", "HumanComputerInteraction")
1026	category("Paper128", "DataStructuresAlgorithmsandTheory")
1027	category("Paper434", "InformationRetrieval")
1028	category("Paper854", "EncryptionandCompression")
1029	category("Paper150", "InformationRetrieval")
1030	category("Paper185", "HardwareandArchitecture")
1031	category("Paper726", "DataStructuresAlgorithmsandTheory")
1032	category("Paper185", "Databases")
1033	category("Paper343", "HumanComputerInteraction")
1034	category("Paper185", "OperatingSystems")
1035	category("Paper686", "HardwareandArchitecture")
1036	category("Paper153", "HardwareandArchitecture")
1037	category("Paper294", "OperatingSystems")
1038	category("Paper936", "InformationRetrieval")
1039	category("Paper673", "Programming")
1040	category("Paper783", "HardwareandArchitecture")
1041	category("Paper266", "Programming")
1042	category("Paper266", "DataStructuresAlgorithmsandTheory")
1043	category("Paper627", "Programming")
1044	category("Paper404", "HardwareandArchitecture")
1045	category("Paper107", "ArtificialIntelligence")
1046	category("Paper184", "OperatingSystems")
1047	category("Paper107", "Networking")
1048	category("Paper148", "HumanComputerInteraction")
1049	category("Paper304", "DataStructuresAlgorithmsandTheory")
1050	category("Paper726", "OperatingSystems")
1051	category("Paper114", "Networking")
1052	category("Paper659", "InformationRetrieval")
1053	category("Paper870", "HardwareandArchitecture")
1054	category("Paper593", "Networking")
1055	category("Paper643", "Programming")
1056	category("Paper687", "EncryptionandCompression")
1057	category("Paper648", "OperatingSystems")
1058	category("Paper559", "HumanComputerInteraction")
1059	category("Paper943", "EncryptionandCompression")
1060	category("Paper59", "Networking")
1061	category("Paper91", "EncryptionandCompression")
1062	category("Paper900", "DataStructuresAlgorithmsandTheory")
1063	category("Paper405", "InformationRetrieval")
1064	category("Paper106", "Databases")
1065	category("Paper164", "HardwareandArchitecture")
1066	category("Paper651", "EncryptionandCompression")
1067	category("Paper288", "Networking")
1068	category("Paper100", "Databases")
1069	category("Paper117", "Networking")
1070	category("Paper212", "Networking")
1071	category("Paper589", "DataStructuresAlgorithmsandTheory")
1072	category("Paper630", "OperatingSystems")
1073	category("Paper501", "InformationRetrieval")
1074	category("Paper449", "HardwareandArchitecture")
1075	category("Paper648", "Programming")
1076	category("Paper823", "OperatingSystems")
1077	category("Paper823", "HardwareandArchitecture")
1078	category("Paper146", "EncryptionandCompression")
1079	category("Paper149", "Networking")
1080	category("Paper984", "HumanComputerInteraction")
1081	category("Paper831", "HardwareandArchitecture")
1082	category("Paper668", "Databases")
1083	category("Paper201", "Programming")
1084	category("Paper936", "OperatingSystems")
1085	category("Paper95", "HardwareandArchitecture")
1086	category("Paper589", "ArtificialIntelligence")
1087	category("Paper859", "EncryptionandCompression")
1088	category("Paper823", "Databases")
1089	category("Paper103", "ArtificialIntelligence")
1090	category("Paper941", "InformationRetrieval")
1091	category("Paper491", "InformationRetrieval")
1092	category("Paper155", "Networking")
1093	category("Paper148", "Databases")
1094	category("Paper136", "Networking")
1095	category("Paper405", "Databases")
1096	category("Paper642", "EncryptionandCompression")
1097	category("Paper855", "HardwareandArchitecture")
1098	category("Paper886", "EncryptionandCompression")
1099	category("Paper643", "Networking")
1100	category("Paper659", "OperatingSystems")
1101	category("Paper141", "HumanComputerInteraction")
1102	category("Paper100", "DataStructuresAlgorithmsandTheory")
1103	category("Paper288", "OperatingSystems")
1104	category("Paper642", "DataStructuresAlgorithmsandTheory")
1105	category("Paper906", "ArtificialIntelligence")
1106	category("Paper870", "HumanComputerInteraction")
1107	category("Paper434", "Programming")
1108	category("Paper854", "HardwareandArchitecture")
1109	category("Paper869", "HardwareandArchitecture")
1110	category("Paper35", "Networking")
1111	category("Paper91", "HumanComputerInteraction")
1112	category("Paper260", "InformationRetrieval")
1113	category("Paper742", "HumanComputerInteraction")
1114	category("Paper117", "EncryptionandCompression")
1115	category("Paper651", "HardwareandArchitecture")
1116	category("Paper936", "Programming")
1117	category("Paper59", "ArtificialIntelligence")
1118	category("Paper994", "Programming")
1119	category("Paper249", "HumanComputerInteraction")
1120	category("Paper854", "Programming")
1121	category("Paper994", "ArtificialIntelligence")
1122	category("Paper117", "HardwareandArchitecture")
1123	category("Paper463", "EncryptionandCompression")
1124	category("Paper16", "Networking")
1125	category("Paper613", "HumanComputerInteraction")
1126	category("Paper995", "Databases")
1127	category("Paper146", "DataStructuresAlgorithmsandTheory")
1128	category("Paper449", "EncryptionandCompression")
1129	category("Paper613", "EncryptionandCompression")
1130	category("Paper463", "DataStructuresAlgorithmsandTheory")
1131	category("Paper18", "Networking")
1132	category("Paper506", "HardwareandArchitecture")
1133	category("Paper910", "DataStructuresAlgorithmsandTheory")
1134	category("Paper940", "Programming")
1135	category("Paper504", "EncryptionandCompression")
1136	category("Paper20", "InformationRetrieval")
1137	category("Paper592", "InformationRetrieval")
1138	category("Paper382", "Networking")
1139	category("Paper148", "ArtificialIntelligence")
1140	category("Paper886", "Databases")
1141	category("Paper62", "Programming")
1142	category("Paper855", "EncryptionandCompression")
1143	category("Paper164", "Networking")
1144	category("Paper213", "HardwareandArchitecture")
1145	category("Paper605", "ArtificialIntelligence")
1146	category("Paper164", "OperatingSystems")
1147	category("Paper936", "EncryptionandCompression")
1148	category("Paper343", "DataStructuresAlgorithmsandTheory")
1149	category("Paper899", "OperatingSystems")
1150	category("Paper777", "OperatingSystems")
1151	category("Paper219", "HardwareandArchitecture")
1152	category("Paper150", "DataStructuresAlgorithmsandTheory")
1153	category("Paper62", "Databases")
1154	category("Paper62", "HumanComputerInteraction")
1155	category("Paper613", "DataStructuresAlgorithmsandTheory")
1156	category("Paper282", "Databases")
1157	category("Paper40", "ArtificialIntelligence")
1158	category("Paper95", "ArtificialIntelligence")
1159	category("Paper184", "ArtificialIntelligence")
1160	category("Paper35", "ArtificialIntelligence")
1161	category("Paper995", "Networking")
1162	category("Paper763", "Networking")
1163	category("Paper559", "ArtificialIntelligence")
1164	category("Paper783", "EncryptionandCompression")
1165	category("Paper627", "EncryptionandCompression")
1166	category("Paper424", "HardwareandArchitecture")
1167	category("Paper404", "OperatingSystems")
1168	category("Paper250", "HardwareandArchitecture")
1169	category("Paper724", "OperatingSystems")
1170	category("Paper382", "ArtificialIntelligence")
1171	category("Paper95", "OperatingSystems")
1172	category("Paper726", "EncryptionandCompression")
1173	category("Paper114", "InformationRetrieval")
1174	category("Paper144", "HardwareandArchitecture")
1175	category("Paper149", "HardwareandArchitecture")
1176	category("Paper627", "HardwareandArchitecture")
1177	category("Paper686", "OperatingSystems")
1178	category("Paper684", "OperatingSystems")
1179	category("Paper343", "Networking")
1180	category("Paper642", "Networking")
1181	category("Paper592", "Networking")
1182	category("Paper599", "HumanComputerInteraction")
1183	category("Paper51", "EncryptionandCompression")
1184	category("Paper611", "Databases")
1185	category("Paper743", "Networking")
1186	category("Paper906", "HardwareandArchitecture")
1187	category("Paper164", "EncryptionandCompression")
1188	category("Paper502", "InformationRetrieval")
1189	category("Paper62", "HardwareandArchitecture")
1190	category("Paper288", "HumanComputerInteraction")
1191	category("Paper899", "EncryptionandCompression")
1192	category("Paper684", "DataStructuresAlgorithmsandTheory")
1193	category("Paper145", "EncryptionandCompression")
1194	category("Paper608", "ArtificialIntelligence")
1195	category("Paper20", "EncryptionandCompression")
1196	category("Paper589", "Databases")
1197	category("Paper599", "OperatingSystems")
1198	category("Paper152", "HardwareandArchitecture")
1199	category("Paper742", "HardwareandArchitecture")
1200	category("Paper144", "ArtificialIntelligence")
1201	category("Paper777", "ArtificialIntelligence")
1202	category("Paper600", "Networking")
1203	category("Paper405", "Programming")
1204	category("Paper177", "Databases")
1205	category("Paper886", "Networking")
1206	category("Paper155", "Databases")
1207	category("Paper142", "EncryptionandCompression")
1208	category("Paper610", "Networking")
1209	category("Paper149", "ArtificialIntelligence")
1210	category("Paper107", "Programming")
1211	category("Paper107", "EncryptionandCompression")
1212	category("Paper777", "EncryptionandCompression")
1213	category("Paper213", "HumanComputerInteraction")
1214	category("Paper899", "HumanComputerInteraction")
1215	category("Paper737", "Networking")
1216	category("Paper114", "Programming")
1217	category("Paper592", "OperatingSystems")
1218	category("Paper35", "Programming")
1219	category("Paper489", "Databases")
1220	category("Paper801", "InformationRetrieval")
1221	category("Paper26", "Networking")
1222	category("Paper150", "Databases")
1223	category("Paper854", "OperatingSystems")
1224	category("Paper138", "ArtificialIntelligence")
1225	category("Paper16", "HumanComputerInteraction")
1226	category("Paper25", "Databases")
1227	category("Paper943", "HardwareandArchitecture")
1228	category("Paper146", "Programming")
1229	category("Paper658", "OperatingSystems")
1230	category("Paper449", "DataStructuresAlgorithmsandTheory")
1231	category("Paper859", "Networking")
1232	category("Paper942", "OperatingSystems")
1233	category("Paper260", "OperatingSystems")
1234	category("Paper635", "HumanComputerInteraction")
1235	category("Paper608", "HumanComputerInteraction")
1236	category("Paper146", "Networking")
1237	category("Paper592", "Databases")
1238	category("Paper887", "OperatingSystems")
1239	category("Paper644", "Networking")
1240	category("Paper684", "Networking")
1241	category("Paper741", "OperatingSystems")
1242	category("Paper611", "DataStructuresAlgorithmsandTheory")
1243	category("Paper684", "InformationRetrieval")
1244	category("Paper642", "Databases")
1245	category("Paper22", "OperatingSystems")
1246	category("Paper943", "Programming")
1247	category("Paper645", "InformationRetrieval")
1248	category("Paper742", "InformationRetrieval")
1249	category("Paper489", "EncryptionandCompression")
1250	category("Paper288", "EncryptionandCompression")
1251	category("Paper424", "ArtificialIntelligence")
1252	category("Paper635", "EncryptionandCompression")
1253	category("Paper18", "ArtificialIntelligence")
1254	category("Paper304", "Programming")
1255	category("Paper724", "ArtificialIntelligence")
1256	category("Paper742", "Networking")
1257	category("Paper658", "Programming")
1258	category("Paper100", "ArtificialIntelligence")
1259	category("Paper500", "Databases")
1260	category("Paper627", "InformationRetrieval")
1261	category("Paper823", "InformationRetrieval")
1262	category("Paper101", "Networking")
1263	category("Paper678", "HumanComputerInteraction")
1264	category("Paper869", "HumanComputerInteraction")
1265	category("Paper823", "EncryptionandCompression")
1266	category("Paper822", "OperatingSystems")
1267	category("Paper605", "HardwareandArchitecture")
1268	category("Paper673", "Networking")
1269	category("Paper260", "EncryptionandCompression")
1270	category("Paper942", "ArtificialIntelligence")
1271	category("Paper680", "InformationRetrieval")
1272	category("Paper151", "EncryptionandCompression")
1273	category("Paper644", "HardwareandArchitecture")
1274	category("Paper679", "ArtificialIntelligence")
1275	category("Paper942", "HumanComputerInteraction")
1276	category("Paper680", "Programming")
1277	category("Paper185", "EncryptionandCompression")
1278	category("Paper424", "DataStructuresAlgorithmsandTheory")
1279	category("Paper995", "InformationRetrieval")
1280	category("Paper500", "HardwareandArchitecture")
1281	category("Paper801", "Databases")
1282	category("Paper649", "InformationRetrieval")
1283	category("Paper91", "DataStructuresAlgorithmsandTheory")
1284	category("Paper613", "Databases")
1285	category("Paper630", "DataStructuresAlgorithmsandTheory")
1286	category("Paper16", "InformationRetrieval")
1287	category("Paper107", "DataStructuresAlgorithmsandTheory")
1288	category("Paper743", "Databases")
1289	category("Paper489", "Programming")
1290	category("Paper777", "Programming")
1291	category("Paper151", "InformationRetrieval")
1292	category("Paper645", "EncryptionandCompression")
1293	category("Paper219", "Databases")
1294	category("Paper668", "Programming")
1295	category("Paper500", "DataStructuresAlgorithmsandTheory")
1296	category("Paper264", "OperatingSystems")
1297	category("Paper943", "ArtificialIntelligence")
1298	category("Paper142", "Programming")
1299	category("Paper481", "Networking")
1300	category("Paper886", "Programming")
1301	category("Paper56", "Programming")
1302	category("Paper128", "HumanComputerInteraction")
1303	category("Paper940", "ArtificialIntelligence")
1304	category("Paper823", "Programming")
1305	category("Paper62", "ArtificialIntelligence")
1306	category("Paper743", "OperatingSystems")
1307	category("Paper153", "Programming")
1308	category("Paper100", "Programming")
1309	category("Paper526", "OperatingSystems")
1310	category("Paper783", "Programming")
1311	category("Paper592", "HumanComputerInteraction")
1312	category("Paper212", "Programming")
1313	category("Paper343", "Databases")
1314	category("Paper35", "HumanComputerInteraction")
1315	category("Paper673", "EncryptionandCompression")
1316	category("Paper868", "EncryptionandCompression")
1317	category("Paper107", "HardwareandArchitecture")
1318	category("Paper141", "DataStructuresAlgorithmsandTheory")
1319	category("Paper103", "Programming")
1320	category("Paper855", "Programming")
1321	category("Paper659", "DataStructuresAlgorithmsandTheory")
1322	category("Paper910", "OperatingSystems")
1323	category("Paper600", "OperatingSystems")
1324	category("Paper686", "Networking")
1325	category("Paper649", "HumanComputerInteraction")
1326	category("Paper260", "DataStructuresAlgorithmsandTheory")
1327	category("Paper610", "OperatingSystems")
1328	category("Paper656", "EncryptionandCompression")
1329	category("Paper481", "Programming")
1330	category("Paper837", "Networking")
1331	category("Paper144", "HumanComputerInteraction")
1332	category("Paper643", "Databases")
1333	category("Paper146", "ArtificialIntelligence")
1334	category("Paper611", "OperatingSystems")
1335	category("Paper16", "Programming")
1336	category("Paper184", "Networking")
1337	category("Paper130", "OperatingSystems")
1338	category("Paper151", "HumanComputerInteraction")
1339	category("Paper741", "Networking")
1340	category("Paper984", "Databases")
1341	category("Paper145", "Databases")
1342	category("Paper741", "Databases")
1343	category("Paper148", "Programming")
1344	category("Paper943", "Networking")
1345	category("Paper900", "InformationRetrieval")
1346	category("Paper139", "OperatingSystems")
1347	category("Paper51", "HumanComputerInteraction")
1348	category("Paper673", "DataStructuresAlgorithmsandTheory")
1349	category("Paper859", "OperatingSystems")
1350	category("Paper628", "Networking")
1351	category("Paper610", "Programming")
1352	category("Paper597", "Databases")
1353	category("Paper91", "ArtificialIntelligence")
1354	category("Paper994", "Databases")
1355	category("Paper173", "HardwareandArchitecture")
1356	category("Paper822", "Networking")
1357	category("Paper906", "InformationRetrieval")
1358	category("Paper481", "InformationRetrieval")
1359	category("Paper177", "HumanComputerInteraction")
1360	category("Paper526", "HumanComputerInteraction")
1361	category("Paper35", "EncryptionandCompression")
1362	category("Paper382", "InformationRetrieval")
1363	category("Paper621", "HumanComputerInteraction")
1364	category("Paper777", "HumanComputerInteraction")
1365	category("Paper940", "Databases")
1366	category("Paper681", "OperatingSystems")
1367	category("Paper62", "OperatingSystems")
1368	category("Paper855", "DataStructuresAlgorithmsandTheory")
1369	category("Paper743", "InformationRetrieval")
1370	category("Paper590", "OperatingSystems")
1371	category("Paper101", "HumanComputerInteraction")
1372	category("Paper107", "HumanComputerInteraction")
1373	category("Paper150", "EncryptionandCompression")
1374	category("Paper678", "Networking")
1375	category("Paper56", "HumanComputerInteraction")
1376	category("Paper260", "ArtificialIntelligence")
1377	category("Paper60", "DataStructuresAlgorithmsandTheory")
1378	category("Paper18", "Databases")
1379	category("Paper870", "OperatingSystems")
1380	category("Paper591", "Databases")
1381	category("Paper941", "DataStructuresAlgorithmsandTheory")
1382	category("Paper994", "EncryptionandCompression")
1383	category("Paper899", "Programming")
1384	category("Paper984", "Networking")
1385	category("Paper831", "HumanComputerInteraction")
1386	category("Paper610", "DataStructuresAlgorithmsandTheory")
1387	category("Paper559", "Databases")
1388	category("Paper100", "HardwareandArchitecture")
1389	category("Paper886", "HardwareandArchitecture")
1390	category("Paper304", "ArtificialIntelligence")
1391	category("Paper635", "DataStructuresAlgorithmsandTheory")
1392	category("Paper101", "EncryptionandCompression")
1393	category("Paper103", "EncryptionandCompression")
1394	category("Paper146", "Databases")
1395	category("Paper679", "EncryptionandCompression")
1396	category("Paper153", "Networking")
1397	category("Paper681", "ArtificialIntelligence")
1398	category("Paper500", "HumanComputerInteraction")
1399	category("Paper783", "OperatingSystems")
1400	category("Paper138", "InformationRetrieval")
1401	category("Paper18", "HardwareandArchitecture")
1402	category("Paper613", "OperatingSystems")
1403	category("Paper679", "HardwareandArchitecture")
1404	category("Paper272", "Networking")
1405	category("Paper18", "DataStructuresAlgorithmsandTheory")
1406	category("Paper404", "InformationRetrieval")
1407	category("Paper288", "ArtificialIntelligence")
1408	category("Paper900", "HardwareandArchitecture")
1409	category("Paper103", "DataStructuresAlgorithmsandTheory")
1410	category("Paper452", "Programming")
1411	category("Paper424", "HumanComputerInteraction")
1412	category("Paper449", "InformationRetrieval")
1413	category("Paper153", "EncryptionandCompression")
1414	category("Paper668", "OperatingSystems")
1415	category("Paper506", "Programming")
1416	category("Paper489", "InformationRetrieval")
1417	category("Paper506", "HumanComputerInteraction")
1418	category("Paper249", "EncryptionandCompression")
1419	category("Paper249", "HardwareandArchitecture")
1420	category("Paper590", "InformationRetrieval")
1421	category("Paper504", "DataStructuresAlgorithmsandTheory")
1422	category("Paper559", "InformationRetrieval")
1423	category("Paper173", "OperatingSystems")
1424	category("Paper741", "DataStructuresAlgorithmsandTheory")
1425	category("Paper201", "Databases")
1426	category("Paper656", "Networking")
1427	category("Paper177", "HardwareandArchitecture")
1428	category("Paper185", "Programming")
1429	category("Paper678", "EncryptionandCompression")
1430	category("Paper504", "InformationRetrieval")
1431	category("Paper434", "HardwareandArchitecture")
1432	category("Paper130", "ArtificialIntelligence")
1433	category("Paper673", "HumanComputerInteraction")
1434	category("Paper673", "ArtificialIntelligence")
1435	category("Paper404", "Databases")
1436	category("Paper648", "Networking")
1437	category("Paper887", "EncryptionandCompression")
1438	category("Paper687", "HardwareandArchitecture")
1439	category("Paper333", "HardwareandArchitecture")
1440	category("Paper404", "HumanComputerInteraction")
1441	category("Paper627", "Databases")
1442	category("Paper266", "Networking")
1443	category("Paper597", "InformationRetrieval")
1444	category("Paper128", "Networking")
1445	category("Paper155", "ArtificialIntelligence")
1446	category("Paper201", "EncryptionandCompression")
1447	category("Paper737", "Databases")
1448	category("Paper837", "HumanComputerInteraction")
1449	category("Paper282", "HumanComputerInteraction")
1450	category("Paper153", "InformationRetrieval")
1451	category("Paper343", "OperatingSystems")
1452	category("Paper282", "Networking")
1453	category("Paper502", "Networking")
1454	category("Paper150", "HardwareandArchitecture")
1455	category("Paper668", "DataStructuresAlgorithmsandTheory")
1456	category("Paper743", "Programming")
1457	category("Paper626", "EncryptionandCompression")
1458	category("Paper212", "Databases")
1459	category("Paper869", "OperatingSystems")
1460	category("Paper628", "Databases")
1461	category("Paper621", "HardwareandArchitecture")
1462	category("Paper136", "Databases")
1463	category("Paper590", "Programming")
1464	category("Paper910", "InformationRetrieval")
1465	category("Paper686", "InformationRetrieval")
1466	category("Paper645", "HardwareandArchitecture")
1467	category("Paper599", "DataStructuresAlgorithmsandTheory")
1468	category("Paper886", "ArtificialIntelligence")
1469	category("Paper763", "Databases")
1470	category("Paper644", "OperatingSystems")
1471	category("Paper405", "EncryptionandCompression")
1472	category("Paper212", "HardwareandArchitecture")
1473	category("Paper900", "HumanComputerInteraction")
1474	category("Paper859", "DataStructuresAlgorithmsandTheory")
1475	category("Paper145", "DataStructuresAlgorithmsandTheory")
1476	category("Paper649", "OperatingSystems")
1477	category("Paper151", "HardwareandArchitecture")
1478	category("Paper621", "Networking")
1479	category("Paper686", "DataStructuresAlgorithmsandTheory")
1480	category("Paper164", "Databases")
1481	category("Paper333", "OperatingSystems")
1482	category("Paper630", "HumanComputerInteraction")
1483	category("Paper869", "Networking")
1484	category("Paper282", "ArtificialIntelligence")
1485	category("Paper763", "ArtificialIntelligence")
1486	category("Paper599", "ArtificialIntelligence")
1487	category("Paper304", "HumanComputerInteraction")
1488	category("Paper20", "HardwareandArchitecture")
1489	category("Paper151", "Programming")
1490	category("Paper481", "OperatingSystems")
1491	category("Paper60", "InformationRetrieval")
1492	category("Paper148", "InformationRetrieval")
1493	category("Paper142", "HardwareandArchitecture")
1494	category("Paper593", "Programming")
1495	category("Paper164", "DataStructuresAlgorithmsandTheory")
1496	category("Paper906", "Programming")
1497	category("Paper491", "EncryptionandCompression")
1498	category("Paper320", "HardwareandArchitecture")
1499	category("Paper249", "InformationRetrieval")
1500	category("Paper26", "ArtificialIntelligence")
1501	category("Paper249", "Networking")
1502	category("Paper886", "OperatingSystems")
1503	category("Paper54", "ArtificialIntelligence")
1504	category("Paper101", "OperatingSystems")
1505	category("Paper936", "Databases")
1506	category("Paper887", "ArtificialIntelligence")
1507	category("Paper910", "Databases")
1508	category("Paper995", "DataStructuresAlgorithmsandTheory")
1509	category("Paper146", "OperatingSystems")
1510	category("Paper801", "EncryptionandCompression")
1511	category("Paper405", "Networking")
1512	category("Paper60", "HardwareandArchitecture")
1513	category("Paper59", "HardwareandArchitecture")
1514	category("Paper101", "Databases")
1515	category("Paper185", "InformationRetrieval")
1516	category("Paper250", "Programming")
1517	category("Paper184", "DataStructuresAlgorithmsandTheory")
1518	category("Paper26", "HardwareandArchitecture")
1519	category("Paper599", "EncryptionandCompression")
1520	category("Paper151", "OperatingSystems")
1521	category("Paper593", "InformationRetrieval")
1522	category("Paper153", "HumanComputerInteraction")
1523	category("Paper868", "DataStructuresAlgorithmsandTheory")
1524	category("Paper605", "Programming")
1525	category("Paper152", "Networking")
1526	category("Paper152", "Programming")
1527	category("Paper106", "OperatingSystems")
1528	category("Paper591", "ArtificialIntelligence")
1529	category("Paper637", "ArtificialIntelligence")
1530	category("Paper936", "Networking")
1531	category("Paper611", "Networking")
1532	category("Paper424", "EncryptionandCompression")
1533	category("Paper117", "Databases")
1534	category("Paper637", "InformationRetrieval")
1535	category("Paper599", "Programming")
1536	category("Paper22", "Networking")
1537	category("Paper777", "Networking")
1538	category("Paper801", "Networking")
1539	category("Paper831", "Databases")
